network_size,selected_detector_ids,score,P_detect,T_detect_s,C_cost,W_coverage,detector_count
0,,0.15,0.0,1200.0,0.0,0.0,0.0
1,D001,0.82625,1.0,60.0,1.0,0.125,1.0
2,D001;D007,0.827,1.0,60.0,1.6,0.25,2.0
3,D001;D007;D013,0.82775,1.0,60.0,2.2,0.375,3.0
4,D001;D007;D013;D011,0.8165,1.0,60.0,3.2,0.5,4.0
5,D001;D007;D013;D011;D012,0.80525,1.0,60.0,4.2,0.625,5.0
